Profile,Lat,Long,Depth,Symbol,SiBCS,Soil taxonomy,Soil order,PM,Lab_SOM,LAB_L_dry,LAB_A_dry,LAB_B_dry,LAB_L_moist,LAB_A_moist,LAB_B_moist,pXRF_Ag,pXRF_Al2O3,pXRF_As,pXRF_Bi,pXRF_CaO,pXRF_Ce,pXRF_Cl,pXRF_Cr,pXRF_Cu,pXRF_Fe,pXRF_K2O,pXRF_Mn,pXRF_Mo,pXRF_Nb,pXRF_Ni,pXRF_P2O5,pXRF_Pb,pXRF_Rb,pXRF_SiO2,pXRF_Sr,pXRF_Ta,pXRF_Ti,pXRF_Tl,pXRF_V,pXRF_Y,pXRF_Zn,pXRF_Zr
5,7652319.46175,501444.417963,60-100,CX,Cambissolo Háplico,Typic Dystrustepts,Inceptisols,Gneiss,0.0580046403712297,56.67,19.37,20.25,38.52,20.4,17.42,13,308821,0,0,585,744,501,129,15,34848,7705,23,0,0,109,0,8,5,352885,14,19,3284,12,32,3,55,180
5,7652319.46175,501444.417963,20-60,CX,Cambissolo Háplico,Typic Dystrustepts,Inceptisols,Gneiss,0.0580046403712297,53.62,16.87,22.06,38.2,19.78,20.09,0,258800,0,0,497,1188,707,219,19,41330,5249,55,0,0,116,0,0,5,288536,17,16,4436,13,0,0,43,163
5,7652319.46175,501444.417963,20-60,CX,Cambissolo Háplico,Typic Dystrustepts,Inceptisols,Gneiss,0.1740139211136891,54.45,18.09,31.45,37.93,18.1,23.77,0,177335,3,0,0,1303,622,1099,19,66091,5026,840,0,0,79,206,18,11,215048,12,11,7693,0,32,0,43,177
10,7652293,501532,0-20,CX,Cambissolo Háplico,Typic Dystrustepts,Inceptisols,Gneiss,2.146171693735499,61,15.16,32.7,43.69,16.99,30.03,0,176567,0,0,4513,0,520,60,12,22196,3313,312,0,0,25,186,0,8,324071,16,5,4696,0,0,0,34,222
11,7652653,501608,0-20,CX,Cambissolo Háplico,Typic Dystrustepts,Inceptisols,Gneiss,2.2041763341067284,51.87,11.57,24.46,35.1,13.61,22.24,0,203419,2,0,922,0,400,346,19,36234,2509,270,0,0,67,271,30,0,338519,2,10,4190,0,0,0,34,164
20,7652119,501923,0-20,CX,Cambissolo Háplico,Typic Dystrustepts,Inceptisols,Gneiss,1.6821345707656612,47.71,22.26,27.77,34.81,21.84,22.76,0,220167,0,0,762,0,748,147,13,38786,5219,180,0,0,17,0,0,11,318825,5,15,6309,45,20,0,22,235
4,7652321,501439,0-20,CX,Cambissolo Háplico,Typic Dystrustepts,Inceptisols,Gneiss,0.4640371229698376,42.21,14.88,21.2,33.19,15.91,19.33,0,184106,0,0,57,386,391,205,14,37592,4848,225,0,0,52,440,14,13,284965,13,11,5236,0,0,0,40,178
109,7653164,503714,0-20,CX,Cambissolo Háplico,Typic Dystrustepts,Inceptisols,Gneiss,3.248259860788863,49.52,9.88,19.97,30.35,9.86,14.82,0,141391,3,0,5216,0,616,198,29,33952,25849,875,0,6,59,542,19,75,414752,17,0,5250,0,47,21,43,156
109,7653164,503714,60-100,CX,Cambissolo Háplico,Typic Dystrustepts,Inceptisols,Gneiss,0.4640371229698376,52.8,15.21,24.36,35.62,17.12,20.81,8,150617,2,11,1155,387,824,241,39,43987,20889,541,0,5,81,0,33,93,319935,11,0,5387,0,0,36,41,178
3,7652426,501339,0-20,CX,Cambissolo Háplico,Typic Dystrustepts,Inceptisols,Gneiss,2.494199535962877,57.88,7.68,16.93,32.93,7.37,12.55,0,240207,0,0,1341,0,507,41,12,23081,5085,383,0,0,9,517,18,10,388739,11,10,2894,0,0,0,32,142
3,7652426,501339,60-100,CX,Cambissolo Háplico,Typic Dystrustepts,Inceptisols,Gneiss,0.6960556844547564,68.85,10.67,23.5,48.65,14.73,25.02,0,213858,0,0,348,0,630,25,8,23494,5014,70,0,0,9,252,0,9,338863,7,15,2831,0,0,0,45,156
10,7652293,501532,60-100,CX,Cambissolo Háplico,Typic Dystrustepts,Inceptisols,Gneiss,0.7540603248259861,43.63,19.14,25.98,30.94,17.65,19.22,0,224327,0,0,656,0,417,85,11,26384,3415,138,0,0,27,0,0,4,342172,8,12,4973,0,0,0,38,226
6,7652770,501490,0-20,CX,Cambissolo Háplico,Typic Dystrustepts,Inceptisols,Gneiss,3.1322505800464038,51.46,4.06,12.21,33.94,4.72,10.34,0,167785,2,0,5699,0,543,13,10,15902,4937,487,0,0,12,763,15,14,354425,35,8,2428,0,0,6,36,140
6,7652770,501490,60-100,CX,Cambissolo Háplico,Typic Dystrustepts,Inceptisols,Gneiss,0.580046403712297,69.87,7.89,21.66,49.88,12.42,24.39,0,199177,0,0,557,0,730,0,10,17632,5450,138,0,0,9,123,16,11,356197,18,9,2412,0,0,0,35,151
8,7652601,501494,0-20,CX,Cambissolo Háplico,Typic Dystrustepts,Inceptisols,Gneiss,3.88631090487239,50.16,9.06,16.74,33.06,8.33,12.82,0,167829,0,0,9769,0,686,173,16,35449,4563,843,0,0,14,1018,30,16,298598,41,0,3755,0,0,8,50,124
8,7652601,501494,60-100,CX,Cambissolo Háplico,Typic Dystrustepts,Inceptisols,Gneiss,1.5081206496519721,59.97,11.12,21.79,40.76,13.19,19.79,0,191578,3,0,979,349,809,12,11,21711,6359,416,0,0,16,244,22,14,320012,8,10,2821,18,0,10,44,130
9,7652256,501499,0-20,CX,Cambissolo Háplico,Typic Dystrustepts,Inceptisols,Gneiss,2.146171693735499,57.39,8.71,17.22,36.45,9.65,13.66,0,237682,0,0,1827,0,530,31,11,20504,3269,367,0,0,22,0,30,7,368078,14,13,3241,0,0,0,48,187
9,7652256,501499,60-100,CX,Cambissolo Háplico,Typic Dystrustepts,Inceptisols,Gneiss,0.6380510440835268,54.85,12.94,17.96,40.56,17.06,20.08,0,226706,0,0,210,0,757,13,10,22854,3077,103,0,0,25,0,34,2,350985,8,16,3487,0,0,0,52,175
20,7652119,501923,60-100,CX,Cambissolo Háplico,Typic Dystrustepts,Inceptisols,Gneiss,0.6380510440835268,59.6,18.02,23.94,42.44,20.38,21.38,0,221157,1,0,99,1201,383,113,15,41967,5763,102,0,0,18,0,0,9,283663,0,13,5159,0,0,0,23,188
39,7652045,502426,0-20,CX,Cambissolo Háplico,Typic Dystrustepts,Inceptisols,Gabbro,1.2180974477958237,47.79,22.16,27.96,31.38,18.99,17.72,0,187703,0,0,219,1763,820,1230,43,101099,3175,400,0,0,190,0,22,10,238512,0,13,6712,0,25,0,38,134
39,7652045,502426,60-100,CX,Cambissolo Háplico,Typic Dystrustepts,Inceptisols,Gabbro,1.9721577726218098,38.68,18.87,23.11,25.97,16.15,14.76,0,175429,0,0,778,1737,722,1729,55,121144,3020,595,0,0,252,0,14,11,226671,0,0,7786,16,59,0,44,131
14,7652230,501680,0-20,CX,Cambissolo Háplico,Typic Dystrustepts,Inceptisols,Gneiss,2.2041763341067284,55.65,11.22,20.46,41.68,11.76,19.25,0,217413,0,0,2544,344,636,57,20,39920,3831,533,0,0,16,1242,13,11,356178,15,12,6070,0,39,0,44,194
14,7652230,501680,60-100,CX,Cambissolo Háplico,Typic Dystrustepts,Inceptisols,Gneiss,0.6960556844547564,57.83,13.44,22.06,29.56,13.65,17.12,0,235490,0,0,1425,351,585,59,17,40861,4253,486,0,3,17,0,25,14,350021,7,16,5454,15,34,0,44,192
114,7652786,503731,0-20,CX,Cambissolo Háplico,Typic Dystrustepts,Inceptisols,Gneiss,2.668213457076566,50.27,8.18,17.53,33.67,9.14,14.84,4,179471,1,0,3429,0,461,195,18,38793,1939,456,0,16,26,1328,0,3,320188,18,8,10529,9,82,3,22,292
114,7652786,503731,60-100,CX,Cambissolo Háplico,Typic Dystrustepts,Inceptisols,Gneiss,0.4640371229698376,58.73,13.36,25.97,39.83,14.86,22.87,0,247618,4,8,1336,787,719,341,18,49903,1713,119,0,16,32,0,7,2,287251,9,15,8829,0,88,8,21,236
7,7652416,501494,0-20,CX,Cambissolo Háplico,Typic Dystrustepts,Inceptisols,Gneiss,2.668213457076566,57.84,6.99,17.33,35.73,8.23,14.5,0,227750,2,0,4105,0,470,39,12,23189,2438,164,0,0,13,864,6,2,389105,12,13,3442,0,37,0,25,171
7,7652416,501494,60-100,CX,Cambissolo Háplico,Typic Dystrustepts,Inceptisols,Gneiss,0.8120649651972157,61.65,11.63,23.7,43.06,16.46,24.79,0,217869,0,0,996,0,856,79,8,30033,2228,0,0,0,9,0,0,2,309056,4,22,3957,0,0,0,22,154
62,7652045,502985,0-20,GM,Gleissolo Melânico,Mollic Endoaquents,Entisols,Gabbro,2.668213457076566,39.78,4.96,11.7,22.91,3.22,5.1,0,216635,1,0,873,0,586,1599,114,38687,2935,129,0,3,267,0,8,4,313987,9,6,8660,0,254,57,57,130
62,7652045,502985,20-60,GM,Gleissolo Melânico,Mollic Endoaquents,Entisols,Gabbro,0.6380510440835268,58.13,5.53,17.4,34.7,5.08,11.09,7,217617,2,0,283,0,590,1148,80,36320,4573,160,0,0,228,0,17,10,321345,3,7,11096,0,309,43,55,169
54,7651631.4617,502824.41806,20-60,GX,Gleissolo Háplico,Typic Endoaquents,Entisols,Gneiss,0.40603248259860786,51.55,7.4,13.84,39.04,8.05,13.76,0,226177,2,8,336,0,646,149,15,13327,3850,57,0,0,27,0,0,8,368707,5,18,6560,0,79,0,26,319
54,7651631.4617,502824.41806,20-60,GX,Gleissolo Háplico,Typic Endoaquents,Entisols,Gneiss,0.40603248259860786,61.34,5.27,14.51,44.15,5.21,11.96,0,209797,0,0,418,0,717,201,19,13259,3564,78,0,0,35,0,7,8,361935,5,11,6850,0,77,3,28,271
53,7651631,502824,0-20,GX,Gleissolo Háplico,Typic Endoaquents,Entisols,Gneiss,0.8120649651972157,37.45,22.39,25.61,26.38,17.17,15.49,0,219884,3,0,758,0,819,424,24,25308,3502,95,0,0,65,207,6,8,360240,8,11,7849,16,111,0,31,268
30,7652020,502188,0-20,GX,Gleissolo Háplico,Typic Endoaquents,Entisols,Gneiss,3.248259860788863,46.51,5.96,15.29,30.32,5.36,10.81,0,160214,5,0,1750,0,558,74,17,29073,2611,510,3,2,16,357,0,8,346987,13,4,7166,0,69,2,25,303
30,7652020,502188,20-60,GX,Gleissolo Háplico,Typic Endoaquents,Entisols,Gneiss,1.6821345707656612,51.63,5.3,15.05,32.72,5.83,11.98,5,206057,3,0,638,255,703,101,17,29904,3036,269,0,0,22,0,0,5,338492,4,13,8994,0,73,0,26,305
23,7652023,502053,0-20,GX,Gleissolo Háplico,Typic Endoaquents,Entisols,Gabbro,3.88631090487239,50.37,6.72,17.78,28.64,6.04,11.52,0,200454,3,0,4204,0,552,109,20,48896,3083,434,0,3,16,1068,20,10,301354,16,10,6011,0,19,0,44,207
23,7652023,502053,20-60,GX,Gleissolo Háplico,Typic Endoaquents,Entisols,Gabbro,2.668213457076566,53.23,7.49,19.21,33.56,7.49,14.41,6,208832,0,0,2153,750,609,128,18,45706,3016,266,0,0,13,1156,13,7,306823,9,18,5912,15,24,0,39,180
89,7652045,503358,0-20,GX,Gleissolo Háplico,Typic Endoaquents,Entisols,Gabbro,3.1322505800464038,47.81,8.73,22.35,31.58,8.02,15.53,0,155761,0,0,1689,356,450,891,42,83454,1547,353,0,0,130,1077,24,3,348876,0,0,11694,0,173,13,46,174
89,7652045,503358,20-60,GX,Gleissolo Háplico,Typic Endoaquents,Entisols,Gabbro,1.1020881670533642,50.3,9.9,27.31,31.72,8.47,18.89,0,167565,0,8,723,1030,506,1532,62,108611,1049,297,0,3,284,0,30,0,284605,0,0,11939,0,281,29,49,187
45,7651674,502612,60-100,LA,Latossolo Amarelo,Xanthic Hapludoxs,Oxisols,Gneiss,0.6380510440835268,65.27,17.24,32.61,44.78,19.08,28.75,6,266289,2,0,327,1455,612,259,16,55876,1983,78,0,8,18,0,0,0,276755,0,19,6979,22,0,0,20,213
121,7652744,503940,0-20,LA,Latossolo Amarelo,Xanthic Hapludoxs,Oxisols,Gneiss,3.480278422273782,47.94,12.55,23.22,33.33,12.43,17.96,0,170627,0,0,4712,840,548,587,44,85977,1932,351,0,17,30,1548,27,0,250866,12,0,10096,0,108,0,45,220
31,7651860,502239,0-20,LA,Latossolo Amarelo,Xanthic Hapludoxs,Oxisols,Gneiss,1.9721577726218098,51.81,6.9,17.89,34.89,8.22,15.51,0,217659,0,0,2058,738,631,68,16,41346,2326,151,0,0,13,905,0,4,303224,3,16,5647,0,0,0,25,207
31,7651860,502239,60-100,LA,Latossolo Amarelo,Xanthic Hapludoxs,Oxisols,Gneiss,0.6960556844547564,52.73,9.44,21.39,33.02,11.51,17.82,0,249377,1,0,765,1362,592,102,15,46891,1982,89,0,0,12,476,0,2,282348,0,19,5740,0,0,0,20,191
69,7651885.46172,503076.418079,60-100,LV,Latossolo Vermelho,Anionic Acrudoxs,Oxisols,Gneiss,0.580046403712297,43.13,20.14,25.42,31.13,19.59,20.36,0,160966,0,0,126,1710,725,271,36,96510,2160,347,0,5,39,0,17,2,194877,0,7,12601,20,0,0,24,214
69,7651885.46172,503076.418079,60-100,LV,Latossolo Vermelho,Anionic Acrudoxs,Oxisols,Gneiss,0.6960556844547564,45.07,20.44,26.33,32.42,20.1,20.81,0,176634,3,0,273,1572,757,307,37,95916,2093,320,0,11,35,339,10,0,214483,0,11,12377,15,26,0,24,205
69,7651885.46172,503076.418079,20-60,LV,Latossolo Vermelho,Anionic Acrudoxs,Oxisols,Gneiss,1.0440835266821347,44.96,19.21,25.38,31.67,18.15,19.64,0,182984,2,0,470,1395,525,345,36,91403,1947,279,4,0,31,309,0,0,218279,0,21,11416,20,42,0,21,195
69,7651885.46172,503076.418079,20-60,LV,Latossolo Vermelho,Anionic Acrudoxs,Oxisols,Gneiss,1.160092807424594,41.8,18.87,24.81,30.29,17.56,18.01,0,168510,0,0,490,1079,523,196,37,83477,1730,312,0,5,35,0,10,2,204898,0,7,10815,0,53,0,22,200
69,7651885.46172,503076.418079,0-20,LV,Latossolo Vermelho,Anionic Acrudoxs,Oxisols,Gneiss,1.6821345707656612,46.3,18.96,26.52,33.18,16.82,18.14,0,190471,0,0,1237,1421,482,272,38,89480,1860,336,0,5,31,224,8,5,234631,0,0,11962,0,90,0,25,217
73,7651255.46167,503133.418081,60-100,LV,Latossolo Vermelho,Anionic Acrudoxs,Oxisols,Gabbro,0.6380510440835268,40.93,16.44,20,31.13,12.64,14.44,0,181492,11,18,1193,0,243,1017,51,107727,1188,449,0,15,95,0,8,6,165911,0,24,13461,0,353,0,24,261
73,7651255.46167,503133.418081,60-100,LV,Latossolo Vermelho,Anionic Acrudoxs,Oxisols,Gabbro,0.9280742459396752,34.23,18.54,21.1,25.66,13.91,14.43,0,170971,16,0,1239,0,287,865,44,100544,1205,488,4,10,89,0,0,6,181538,0,14,12911,0,303,0,24,255
73,7651255.46167,503133.418081,60-100,LV,Latossolo Vermelho,Anionic Acrudoxs,Oxisols,Gabbro,1.740139211136891,35.71,17.02,21.39,25.42,13.16,13.21,0,169986,6,0,1474,829,271,848,43,94294,2106,597,0,11,59,600,16,6,205961,0,6,11441,0,158,0,23,236
73,7651255.46167,503133.418081,20-60,LV,Latossolo Vermelho,Anionic Acrudoxs,Oxisols,Gabbro,1.160092807424594,38.19,17.26,22.41,25.87,13.7,14.48,0,198295,13,0,1284,715,403,923,46,101267,2217,609,0,0,68,374,8,6,222574,0,8,11886,0,214,0,25,246
73,7651255.46167,503133.418081,20-60,LV,Latossolo Vermelho,Anionic Acrudoxs,Oxisols,Gabbro,1.2180974477958237,37.9,17.87,22.85,26.01,13.77,14.28,0,182531,10,0,1485,837,401,950,45,100580,1764,718,4,15,69,535,10,3,203653,0,24,12449,19,206,4,23,304
73,7651255.46167,503133.418081,0-20,LV,Latossolo Vermelho,Anionic Acrudoxs,Oxisols,Gabbro,1.0440835266821347,35.51,18.87,21.8,26.46,15.19,14.94,0,189227,11,0,1428,958,328,915,44,106578,1805,651,0,9,67,221,16,6,199219,0,21,12587,0,250,0,20,256
123,7652678,503963,0-20,LV,Latossolo Vermelho,Anionic Acrudoxs,Oxisols,Gneiss,1.91415313225058,57.29,14.79,26.98,38.69,17.35,24.9,0,179672,3,0,1551,398,323,143,20,65032,1300,281,0,18,5,440,0,0,251171,0,0,8310,0,26,7,20,222
71,7651257,503128,0-20,LV,Latossolo Vermelho,Anionic Acrudoxs,Oxisols,Gabbro,1.0440835266821347,50.58,19.07,26.31,32.79,19.13,19.54,0,126145,7,0,1426,1682,235,1260,44,107208,1789,490,0,14,65,0,24,6,145722,0,13,17665,22,0,4,22,237
116,7652324,503763,0-20,LV,Latossolo Vermelho,Anionic Acrudoxs,Oxisols,Gabbro,2.494199535962877,59.57,15.92,29.14,40.16,17.5,24.34,0,167458,6,10,4589,0,252,2435,63,162593,1250,283,0,11,153,587,36,10,148556,0,14,13401,0,308,0,48,226
68,7651887,503071,0-20,LV,Latossolo Vermelho,Anionic Acrudoxs,Oxisols,Gneiss,1.6821345707656612,48.23,19.7,27.55,33.63,18.71,21.75,0,225022,0,0,1254,927,332,281,38,90450,1812,351,0,4,30,221,7,0,268195,2,7,11760,0,139,0,25,220
87,7652560,503312,0-20,LV,Latossolo Vermelho,Anionic Acrudoxs,Oxisols,Gabbro,2.3781902552204173,58.64,15.77,27.76,39.67,17.54,25.5,0,174562,6,9,151,1868,411,446,40,120200,2189,398,0,17,19,223,0,6,209644,3,7,12697,0,41,4,31,303
41,7651884.46172,502510.418039,60-100,LVA,Latossolo Vermelho-Amarelo,Typic Hapludoxs,Oxisols,Gabbro,0.9280742459396752,47.66,15.97,23.24,32.14,15.79,18.43,8,182265,1,0,335,975,539,100,38,67902,1606,587,4,0,19,0,0,2,270413,0,12,9228,0,125,0,31,240
41,7651884.46172,502510.418039,60-100,LVA,Latossolo Vermelho-Amarelo,Typic Hapludoxs,Oxisols,Gabbro,0.6380510440835268,45.78,17.06,24.39,32.04,17.52,19.87,0,194798,0,0,275,1513,866,115,35,77287,1644,423,0,0,18,439,17,2,228874,0,13,9035,0,67,0,35,218
41,7651884.46172,502510.418039,20-60,LVA,Latossolo Vermelho-Amarelo,Typic Hapludoxs,Oxisols,Gabbro,0.4640371229698376,48.53,20.48,27.33,34.17,19.27,22.29,0,183872,0,8,253,1287,979,129,36,75616,1603,351,0,0,22,0,7,0,224826,0,11,9252,0,30,0,31,206
41,7651884.46172,502510.418039,20-60,LVA,Latossolo Vermelho-Amarelo,Typic Hapludoxs,Oxisols,Gabbro,0.7540603248259861,46.92,19.94,26.55,29.51,16.26,18.94,0,177936,0,0,276,1461,689,108,36,75234,1622,322,0,4,16,203,8,0,204914,0,13,8672,0,42,0,32,204
41,7651884.46172,502510.418039,0-20,LVA,Latossolo Vermelho-Amarelo,Typic Hapludoxs,Oxisols,Gabbro,0.8120649651972157,49.65,16.73,24.96,32.07,15.78,18.91,0,180142,3,0,436,1167,595,142,40,71193,1772,709,3,0,22,591,0,0,285493,0,0,11236,0,165,0,36,262
48,7651600.4617,502743.418054,60-100,LVA,Latossolo Vermelho-Amarelo,Typic Hapludoxs,Oxisols,Gneiss,0.2900232018561485,55.14,18.55,29.51,37.87,20.74,25.47,0,229247,0,0,237,1240,607,159,14,49715,2310,76,0,0,16,0,0,2,231026,0,18,5761,0,0,0,19,220
48,7651600.4617,502743.418054,60-100,LVA,Latossolo Vermelho-Amarelo,Typic Hapludoxs,Oxisols,Gneiss,0.2900232018561485,55.61,17.54,29.63,39.23,19.16,25.75,14,206823,1,7,628,852,769,166,12,46273,2079,66,0,3,11,0,0,2,217954,0,22,5218,35,0,0,18,200
48,7651600.4617,502743.418054,20-60,LVA,Latossolo Vermelho-Amarelo,Typic Hapludoxs,Oxisols,Gneiss,0.580046403712297,57.01,14.78,27.63,37.43,16.3,23.43,7,194072,1,0,766,768,753,198,16,42530,2101,76,0,0,13,0,0,2,242720,0,21,5017,17,0,0,19,189
48,7651600.4617,502743.418054,20-60,LVA,Latossolo Vermelho-Amarelo,Typic Hapludoxs,Oxisols,Gneiss,0.6960556844547564,53.73,10.84,22.67,37.05,10.55,17.53,0,206941,0,0,1400,776,663,149,16,38180,2487,82,0,0,16,215,0,2,315518,6,14,4558,0,0,0,19,186
48,7651600.4617,502743.418054,0-20,LVA,Latossolo Vermelho-Amarelo,Typic Hapludoxs,Oxisols,Gneiss,1.4501160092807426,57.44,15.9,28.63,37,17.36,24.51,9,246657,1,0,728,1284,330,197,17,48192,2400,28,3,0,12,265,0,0,267780,0,13,5410,17,20,0,18,212
52,7651669.4617,502803.418059,60-100,LVA,Latossolo Vermelho-Amarelo,Typic Hapludoxs,Oxisols,Gneiss,0.1740139211136891,54.11,14.55,25.7,35.49,16.4,23.74,0,213126,2,0,191,841,765,268,13,44687,2002,24,0,0,12,675,7,7,238985,2,21,5481,39,0,0,24,184
52,7651669.4617,502803.418059,20-60,LVA,Latossolo Vermelho-Amarelo,Typic Hapludoxs,Oxisols,Gneiss,0.2900232018561485,53.7,14.81,26.5,35.23,16.29,22.56,0,220201,1,0,311,859,812,255,13,44352,2044,34,4,0,19,508,0,2,241638,0,18,5379,37,0,0,23,188
52,7651669.4617,502803.418059,20-60,LVA,Latossolo Vermelho-Amarelo,Typic Hapludoxs,Oxisols,Gneiss,0.40603248259860786,56.84,14.22,26.43,39.72,17.65,24.83,0,207649,0,0,442,762,529,175,15,44084,1875,53,4,0,16,0,0,0,229973,2,18,5473,0,0,0,23,186
29,7651872,502160,0-20,LVA,Latossolo Vermelho-Amarelo,Typic Hapludoxs,Oxisols,Gneiss,1.0440835266821347,45.74,18.86,26.52,31.84,17.38,19.36,0,218162,4,0,484,1580,496,162,22,58048,2773,164,0,0,17,243,8,2,272519,0,16,6621,0,0,0,21,192
40,7651886,502505,0-20,LVA,Latossolo Vermelho-Amarelo,Typic Hapludoxs,Oxisols,Gabbro,0.8120649651972157,38,17.96,22.91,34.48,19.17,22.27,0,170995,2,0,304,1485,476,102,34,71383,1785,700,4,6,25,0,0,2,278270,0,12,12601,16,82,7,36,264
46,7651373,502699,0-20,LVA,Latossolo Vermelho-Amarelo,Typic Hapludoxs,Oxisols,Gneiss,2.494199535962877,62.81,13.11,31.19,37.19,12.59,25.43,6,192421,0,0,3114,671,981,80,18,45233,3163,314,0,4,17,726,0,7,318203,11,10,7248,0,0,0,33,226
16,7652797,501689,0-20,LVA,Latossolo Vermelho-Amarelo,Typic Hapludoxs,Oxisols,Gneiss,3.074245939675174,47.59,12.69,22.24,33.17,11.58,15.96,0,185131,4,0,492,804,612,565,21,57844,1347,139,0,0,35,198,8,0,230498,0,13,7185,0,0,0,17,168
16,7652797,501689,60-100,LVA,Latossolo Vermelho-Amarelo,Typic Hapludoxs,Oxisols,Gneiss,0.9280742459396752,48.45,14.58,23.81,32.22,14.62,18.22,0,203766,4,0,0,1351,734,611,21,62629,1137,121,0,0,45,0,0,0,227279,0,19,6907,17,0,0,18,189
29,7651872,502160,60-100,LVA,Latossolo Vermelho-Amarelo,Typic Hapludoxs,Oxisols,Gneiss,0.6960556844547564,57.37,20.71,28.25,39.6,22.94,23.91,0,138166,0,0,71,1048,214,76,18,50331,2122,43,0,0,7,0,0,5,204243,0,8,6770,30,0,0,17,172
40,7651886,502505,60-100,LVA,Latossolo Vermelho-Amarelo,Typic Hapludoxs,Oxisols,Gabbro,0.9280742459396752,34.94,20.3,21.88,24.65,15.96,15.07,0,175520,3,0,274,1364,441,83,33,67351,1698,588,4,0,20,515,0,7,256522,0,6,10460,0,104,0,32,231
46,7651373,502699,60-100,LVA,Latossolo Vermelho-Amarelo,Typic Hapludoxs,Oxisols,Gneiss,0.4640371229698376,32.28,16.49,19.07,26.46,14.28,14.39,0,209651,0,0,320,1456,542,66,15,50192,2296,132,0,0,11,0,0,3,241322,2,18,7404,0,0,0,34,216
67,7651830,502989,0-20,LVA,Latossolo Vermelho-Amarelo,Typic Hapludoxs,Oxisols,Gneiss,2.8422273781902554,54.49,14.3,26.44,29.73,13.27,16.8,0,229890,0,0,1908,1317,560,170,24,57577,3129,196,0,0,19,0,0,5,263912,5,6,8086,33,24,0,24,224
67,7651830,502989,60-100,LVA,Latossolo Vermelho-Amarelo,Typic Hapludoxs,Oxisols,Gneiss,1.1020881670533642,56.67,20.05,31.2,39.36,20.13,25.67,0,271379,2,0,349,1593,550,226,21,62874,2863,169,4,0,18,206,0,2,272061,0,11,7880,0,56,0,20,206
127,7653157,504104,0-20,LVA,Latossolo Vermelho-Amarelo,Typic Hapludoxs,Oxisols,Gabbro,6.322505800464038,42.99,10.85,21.45,30.34,11.11,15.63,0,150628,0,10,13862,0,455,0,50,107254,2189,1216,0,17,11,573,18,10,245020,19,0,16920,0,182,4,32,227
127,7653157,504104,60-100,LVA,Latossolo Vermelho-Amarelo,Typic Hapludoxs,Oxisols,Gabbro,1.3921113689095128,42.87,14.02,22.98,30.26,14.71,18.73,0,154892,0,15,0,1427,477,48,64,125846,1963,1142,0,19,17,287,45,9,241603,0,7,17990,0,156,0,30,317
104,7652601,503544,0-20,LVA,Latossolo Vermelho-Amarelo,Typic Hapludoxs,Oxisols,Gneiss,4.1183294663573085,47.93,9.28,17.22,31.53,9,12.95,0,167770,2,0,1689,0,712,62,19,37844,2531,167,0,4,26,324,0,0,298217,9,0,5106,0,0,0,15,202
104,7652601,503544,60-100,LVA,Latossolo Vermelho-Amarelo,Typic Hapludoxs,Oxisols,Gneiss,1.3921113689095128,46.55,10.29,18.21,26.02,11.25,14.86,0,194103,0,10,0,1267,701,109,23,48237,2665,144,0,3,40,0,0,0,258092,0,7,5283,0,0,0,14,273
123,7652678,503963,60-100,LVA,Latossolo Vermelho-Amarelo,Typic Hapludoxs,Oxisols,Gneiss,0.7540603248259861,62.12,19.11,32.78,43.63,21.34,29.74,0,217066,0,17,0,1569,540,247,17,83306,1094,259,0,22,7,0,7,0,219157,0,23,10645,38,27,4,17,279
124,7652601,504104,0-20,LVA,Latossolo Vermelho-Amarelo,Typic Hapludoxs,Oxisols,Gneiss,3.1322505800464038,43.88,15.94,22.95,31.27,13.55,15.66,0,169218,0,0,7492,0,523,416,43,108735,1416,445,0,16,15,1274,0,0,209108,9,0,11733,0,209,0,36,205
124,7652601,504104,60-100,LVA,Latossolo Vermelho-Amarelo,Typic Hapludoxs,Oxisols,Gneiss,1.4501160092807426,41.66,16.55,22.46,27.81,14.06,15.06,0,172132,0,0,0,1556,653,574,37,119774,956,376,0,18,17,0,21,6,188436,0,21,12115,19,49,0,26,247
55,7651860,502851,0-20,LVA,Latossolo Vermelho-Amarelo,Typic Hapludoxs,Oxisols,Gneiss,2.2041763341067284,55.29,13.32,24.33,38.71,13.87,20.71,0,188427,1,0,2000,341,489,189,17,41733,2648,170,0,0,21,848,0,3,271833,5,17,7875,0,0,0,32,211
55,7651860,502851,60-100,LVA,Latossolo Vermelho-Amarelo,Typic Hapludoxs,Oxisols,Gneiss,0.580046403712297,58.81,19.2,30.79,40.36,21.11,27.26,0,257802,4,0,366,1422,809,275,22,55809,1815,123,0,4,24,0,0,2,245540,0,22,7924,0,0,0,20,197
96,7652635,503365,0-20,LVA,Latossolo Vermelho-Amarelo,Typic Hapludoxs,Oxisols,Gneiss,5.626450116009281,43.29,11.94,17.77,28.98,11.38,13.22,0,130945,0,0,8472,0,549,25,34,80257,1278,511,0,10,24,658,18,3,222992,23,0,8665,0,0,0,27,277
96,7652635,503365,60-100,LVA,Latossolo Vermelho-Amarelo,Typic Hapludoxs,Oxisols,Gneiss,1.3921113689095128,46.3,18.24,23.53,32.42,17.2,18.22,0,170528,0,0,0,2039,647,116,43,92622,1517,325,0,9,18,421,12,0,239252,10,6,9575,0,0,0,27,354
79,7653157,503172,0-20,LVA,Latossolo Vermelho-Amarelo,Typic Hapludoxs,Oxisols,Gneiss,2.8422273781902554,53.42,9.47,18.95,34.39,10.82,15.46,0,174559,1,0,3369,0,542,242,18,39605,2818,161,0,12,19,1109,0,5,312573,21,0,7582,0,22,3,20,288
37,7651674,502426,60-100,LVA,Latossolo Vermelho-Amarelo,Typic Hapludoxs,Oxisols,Gneiss,0.6960556844547564,59.9,20.65,31.34,42.18,21.84,27.12,0,243346,0,9,245,1822,597,110,28,67773,1684,205,0,0,0,243,9,0,266945,0,17,7651,14,27,0,21,220
44,7651489,502612,60-100,LVA,Latossolo Vermelho-Amarelo,Typic Hapludoxs,Oxisols,Gneiss,0.6960556844547564,53.83,16.46,23.69,37.9,18.32,21.09,0,227036,0,0,695,1599,587,484,22,61706,4051,139,0,0,26,0,23,8,291768,2,8,5743,0,0,0,31,213
83,7653378,503203,0-20,LVA,Latossolo Vermelho-Amarelo,Typic Hapludoxs,Oxisols,Gneiss,2.2041763341067284,52.16,11.89,20.7,32.9,13.48,18.09,0,205033,2,0,1349,710,534,36,17,41279,4958,518,0,10,29,518,33,16,360346,31,6,6656,0,17,11,29,281
83,7653378,503203,60-100,LVA,Latossolo Vermelho-Amarelo,Typic Hapludoxs,Oxisols,Gneiss,0.2900232018561485,58.91,17.16,27.77,38.44,20.9,24.83,0,248635,0,8,898,1588,543,134,17,58077,3213,203,0,3,34,502,35,12,271377,24,19,4904,0,0,9,26,189
103,7652415,503544,0-20,LVA,Latossolo Vermelho-Amarelo,Typic Hapludoxs,Oxisols,Gneiss,5.336426914153132,37.19,16.15,22.93,27.11,11.67,13.59,0,179961,9,0,1578,547,478,400,25,114459,1002,370,0,18,21,0,8,0,151823,0,12,13148,25,127,4,23,332
100,7651859,503544,0-20,LVA,Latossolo Vermelho-Amarelo,Typic Hapludoxs,Oxisols,Gneiss,3.1322505800464038,46.53,10.47,18.73,31.55,9.65,14.17,0,156583,3,0,3842,0,579,175,22,50338,1944,584,0,0,17,512,0,9,315264,17,0,9469,0,43,0,28,226
103,7652415,503544,60-100,LVA,Latossolo Vermelho-Amarelo,Typic Hapludoxs,Oxisols,Gneiss,1.5081206496519721,35.61,16.6,20.52,25.93,12.77,13.32,0,166429,8,0,0,408,500,496,26,119687,761,385,0,21,18,0,8,0,142800,0,6,13819,0,154,0,17,335
100,7651859,503544,60-100,LVA,Latossolo Vermelho-Amarelo,Typic Hapludoxs,Oxisols,Gneiss,0.8120649651972157,49.75,12.28,23.63,32.32,13.95,19.12,0,206455,2,8,1213,826,502,156,20,60438,1810,389,0,0,15,440,0,2,294823,8,5,11961,18,39,3,23,253
1,7652428,501153,0-20,LV,Latossolo Vermelho,Anionic Acrudoxs,Oxisols,Gabbro,4.234338747099768,41.86,13.3,20.83,29.59,11.51,15.69,0,125529,0,0,16782,0,515,0,54,116140,2559,1318,0,12,22,1090,9,12,253993,32,0,18308,0,242,25,70,195
1,7652428,501153,60-100,LV,Latossolo Vermelho,Anionic Acrudoxs,Oxisols,Gabbro,1.160092807424594,45.33,20.16,27.85,33.93,19.9,22.32,0,150493,0,11,0,1858,413,0,60,142393,2586,736,0,16,10,688,11,12,238700,0,7,15598,21,164,34,73,234
2,7652474,501174,60-100,LV,Latossolo Vermelho,Anionic Acrudoxs,Oxisols,Gabbro,0.8120649651972157,59.7,20.28,20.55,46.05,22.83,20.84,0,101877,0,26,0,1999,302,0,73,150019,2229,1027,0,12,42,0,26,19,176225,0,0,15867,0,155,42,85,230
43,7652040,502592,0-20,LV,Latossolo Vermelho,Anionic Acrudoxs,Oxisols,Gabbro,4.234338747099768,36.94,15.87,21.38,22.37,11.81,12.41,0,157697,0,0,3064,880,594,922,65,122229,2916,1050,0,8,170,532,27,13,217205,3,0,9405,0,97,0,55,141
43,7652040,502592,60-100,LV,Latossolo Vermelho,Anionic Acrudoxs,Oxisols,Gabbro,1.5081206496519721,40.9,19.4,25.21,28.2,17.3,17.52,0,166241,0,0,465,1928,464,971,67,127452,2815,744,0,0,187,0,33,12,209279,0,6,10044,0,0,0,50,142
63,7652230,502985,0-20,LV,Latossolo Vermelho,Anionic Acrudoxs,Oxisols,Gabbro,6.496519721577726,40.21,15.53,22.02,26.55,12.85,15.64,0,142994,0,0,7492,0,463,1604,106,173776,2132,1162,0,0,127,1216,43,12,179526,0,0,15357,0,318,0,94,145
63,7652230,502985,60-100,LV,Latossolo Vermelho,Anionic Acrudoxs,Oxisols,Gabbro,1.3921113689095128,40.89,20.69,26.48,29.27,17.55,17.16,0,165393,0,33,0,0,587,1864,107,197455,1293,955,0,7,130,0,60,15,169966,0,9,16298,0,335,0,35,195
81,7652040,503180,0-20,LV,Latossolo Vermelho,Anionic Acrudoxs,Oxisols,Gabbro,3.074245939675174,29.41,16.06,19.79,28.2,15.64,16.76,0,194321,0,0,1184,1855,292,1142,76,131503,2675,447,0,0,128,958,36,13,219422,0,0,10990,0,169,0,46,152
81,7652040,503180,60-100,LV,Latossolo Vermelho,Anionic Acrudoxs,Oxisols,Gabbro,0.4640371229698376,37.54,19.46,22.39,27.09,17.78,15.27,0,151507,0,0,71,1300,435,1937,84,162451,1774,1260,0,0,203,0,50,12,205785,0,0,12587,0,212,0,46,130
94,7653191,503358,0-20,LV,Latossolo Vermelho,Anionic Acrudoxs,Oxisols,Gabbro,6.844547563805105,40.05,12.81,19.58,21.5,9.98,9.93,0,135596,0,0,20453,0,427,2646,50,150070,2800,1415,0,10,547,935,34,14,220597,37,0,10963,0,195,0,44,182
94,7653191,503358,60-100,LV,Latossolo Vermelho,Anionic Acrudoxs,Oxisols,Gabbro,0.580046403712297,41.59,17.67,23.09,28.88,16.93,17.04,5,145067,0,11,530,1490,613,3301,64,161106,2315,850,0,5,717,0,49,16,204769,0,0,10181,0,65,5,59,201
76,7651859,503171,0-20,LV,Latossolo Vermelho,Anionic Acrudoxs,Oxisols,Gneiss,3.074245939675174,41,17.48,24.75,33.09,12.32,15.9,7,193852,2,8,3479,924,550,334,39,100221,1807,346,0,8,26,1032,7,3,226613,5,6,13488,0,141,0,35,225
76,7651859,503171,60-100,LV,Latossolo Vermelho,Anionic Acrudoxs,Oxisols,Gneiss,1.2180974477958237,45.98,22.08,29.06,30.68,19.16,19.47,0,218671,0,14,313,1513,556,327,40,106307,1479,367,0,8,33,0,31,4,231641,0,19,14392,0,172,0,24,243
75,7651674,503171,60-100,LV,Latossolo Vermelho,Anionic Acrudoxs,Oxisols,Gneiss,0.9280742459396752,42.28,23.11,27.19,30.56,18.54,17.66,0,225517,5,8,508,1519,564,420,31,87065,1091,251,0,9,29,0,12,0,213360,0,23,11621,17,84,0,22,251
112,7652415,503731,0-20,LV,Latossolo Vermelho,Anionic Acrudoxs,Oxisols,Gabbro,3.480278422273782,37.9,18.49,23.74,26.56,14.13,13.93,0,172998,4,8,5757,0,339,1296,50,136558,1630,355,0,19,84,1081,10,4,159901,12,0,12629,0,297,0,39,263
112,7652415,503731,60-100,LV,Latossolo Vermelho,Anionic Acrudoxs,Oxisols,Gabbro,1.5081206496519721,36.48,18.81,21.93,25.73,14.81,13.69,0,162305,7,9,51,502,593,1459,41,139293,897,243,0,10,89,0,20,3,138389,0,15,12459,16,221,0,26,262
65,7652972,502985,0-20,LV,Latossolo Vermelho,Anionic Acrudoxs,Oxisols,Gabbro,3.6542923433874708,33.29,16.81,20.32,23.51,11.96,12.47,5,166021,0,0,11862,0,217,248,36,118627,1132,561,4,24,31,568,18,0,149479,46,8,13637,0,228,4,29,277
65,7652972,502985,60-100,LV,Latossolo Vermelho,Anionic Acrudoxs,Oxisols,Gabbro,1.5081206496519721,31.08,17.13,18.19,23.08,12.68,11.96,0,165895,2,11,0,486,504,381,34,128879,1048,533,0,17,35,0,24,3,128053,0,14,15450,19,228,4,29,331
68,7651887,503071,60-100,LV,Latossolo Vermelho,Anionic Acrudoxs,Oxisols,Gneiss,0.580046403712297,38.47,17.49,22.16,27.4,14.69,15.14,7,177523,2,0,0,1663,402,310,38,98556,2101,349,0,0,38,0,18,5,204779,0,0,12981,0,42,0,25,227
78,7652972,503172,0-20,LV,Latossolo Vermelho,Anionic Acrudoxs,Oxisols,Gabbro,5.80046403712297,34.76,14.08,19.11,22.57,10.86,11.28,0,158164,3,0,4834,572,656,351,41,113576,1708,599,0,17,32,905,10,8,194192,13,0,13377,0,159,0,33,241
78,7652972,503172,60-100,LV,Latossolo Vermelho,Anionic Acrudoxs,Oxisols,Gabbro,2.320185614849188,22.9,14.22,14.46,27.02,13.68,13.81,0,187436,0,9,615,891,251,383,49,119362,1568,548,0,24,27,239,33,3,196426,3,6,12979,0,171,0,31,307
84,7652810,503208,0-20,LV,Latossolo Vermelho,Anionic Acrudoxs,Oxisols,Gabbro,5.510440835266821,39.15,14.59,20.6,28.1,10.64,12.27,0,147318,3,0,8913,0,508,204,33,98745,1185,739,0,5,10,0,17,3,223683,19,13,11651,0,172,0,53,232
84,7652810,503208,60-100,LV,Latossolo Vermelho,Anionic Acrudoxs,Oxisols,Gabbro,2.494199535962877,33.01,13.31,16.89,20.51,9.61,9.88,0,156577,0,0,1379,679,695,522,55,121662,1216,727,0,4,61,287,39,0,182342,2,6,11565,0,162,0,57,221
91,7652415,503358,0-20,LV,Latossolo Vermelho,Anionic Acrudoxs,Oxisols,Gabbro,3.6542923433874708,38.16,16.65,22.74,27.93,13.04,14.25,0,150385,0,21,1640,769,609,677,39,129618,1089,527,0,10,40,227,38,2,163830,0,6,15729,0,224,0,37,253
91,7652415,503358,60-100,LV,Latossolo Vermelho,Anionic Acrudoxs,Oxisols,Gabbro,1.160092807424594,29.43,15.8,18.49,25.78,14.19,14.37,0,151090,8,12,0,386,588,908,48,147191,1003,502,0,19,59,0,41,0,153510,0,16,16284,0,262,0,37,306
102,7652230,503544,0-20,LV,Latossolo Vermelho,Anionic Acrudoxs,Oxisols,Gabbro,2.668213457076566,38.6,16.53,22.75,30.62,12.59,14.64,0,201841,5,11,777,1129,95,2557,46,159397,912,280,0,12,103,0,32,3,163868,0,14,14534,17,268,0,40,247
101,7652045,503544,0-20,LV,Latossolo Vermelho,Anionic Acrudoxs,Oxisols,Gabbro,3.3642691415313224,40.78,17.1,24.13,28.11,13.04,15.73,0,182333,0,0,3338,407,324,1638,29,121710,1774,491,0,0,70,736,10,8,216834,3,0,9709,0,134,0,29,171
102,7652230,503544,60-100,LV,Latossolo Vermelho,Anionic Acrudoxs,Oxisols,Gabbro,1.91415313225058,27.14,16.54,17.91,25.84,14.99,13.47,0,183156,4,14,0,640,373,2618,47,162643,791,314,0,0,109,0,40,11,143860,0,17,14184,36,310,0,29,266
101,7652045,503544,60-100,LV,Latossolo Vermelho,Anionic Acrudoxs,Oxisols,Gabbro,2.320185614849188,39.47,18.07,23.32,28.12,14.78,14.58,7,187746,0,0,870,1451,676,1778,36,127819,1906,457,0,11,66,280,30,6,211293,0,7,10663,0,45,0,27,184
113,7652601,503731,0-20,LV,Latossolo Vermelho,Anionic Acrudoxs,Oxisols,Gabbro,3.88631090487239,32.5,14.73,18.34,27.35,11.54,12.44,0,165483,8,0,3303,0,645,616,44,132594,1012,360,0,24,11,234,0,3,169060,0,8,14601,18,231,0,26,325
111,7652230,503731,0-20,LV,Latossolo Vermelho,Anionic Acrudoxs,Oxisols,Gabbro,3.1322505800464038,44.41,19.57,26.88,33.87,14.75,17.61,0,202297,0,10,1170,450,303,2452,57,155103,1165,396,0,0,140,0,42,0,204565,0,6,11329,0,249,0,35,197
113,7652601,503731,60-100,LV,Latossolo Vermelho,Anionic Acrudoxs,Oxisols,Gabbro,1.6821345707656612,31.96,16.58,18.78,21.8,12.24,11.85,0,179190,0,19,0,577,525,712,43,143931,789,465,0,21,23,0,28,3,151641,0,15,15856,0,221,0,24,351
111,7652230,503731,60-100,LV,Latossolo Vermelho,Anionic Acrudoxs,Oxisols,Gabbro,1.9721577726218098,40.29,19.94,24.89,27.05,15.6,15.61,0,172599,0,0,116,432,545,2502,60,155141,869,285,0,11,162,0,51,7,178067,0,0,11082,0,205,0,37,192
72,7652370.99875,503131.837766,60-100,LV,Latossolo Vermelho,Anionic Acrudoxs,Oxisols,Gabbro,0.580046403712297,41.51,16.24,20.58,35.76,13.37,15.52,0,177824,0,0,0,0,489,4132,64,173379,866,0,0,6,362,352,50,7,119804,0,0,11330,0,467,5,45,169
72,7652370.99875,503131.837766,20-60,LV,Latossolo Vermelho,Anionic Acrudoxs,Oxisols,Gabbro,1.2761020881670535,38.16,16.66,21.04,31.28,12.07,14.52,0,175015,0,0,0,0,361,3889,65,163807,888,0,0,5,327,253,40,10,129294,0,0,11329,0,441,0,40,147
90,7652230,503358,0-20,LV,Latossolo Vermelho,Anionic Acrudoxs,Oxisols,Gabbro,2.7842227378190256,39.78,19.45,26.69,35.26,14.12,20.8,6,191692,0,0,2029,494,119,1488,53,171448,801,555,0,19,119,638,45,3,156049,0,9,15568,0,262,0,43,241
90,7652230,503358,60-100,LV,Latossolo Vermelho,Anionic Acrudoxs,Oxisols,Gabbro,1.91415313225058,37.4,19.62,24.32,26.08,15.68,15.04,0,176311,0,11,506,374,394,1520,58,176394,749,450,0,13,98,0,48,4,144196,0,0,15665,0,294,0,34,238
33,7652416,502239,0-20,LV,Latossolo Vermelho,Anionic Acrudoxs,Oxisols,Gabbro,5.162412993039443,34.41,15.92,20.89,25.16,11.63,12.52,0,147518,0,0,6968,0,594,3042,59,138995,847,830,0,0,267,0,29,10,167391,6,0,13009,0,283,4,53,152
33,7652416,502239,60-100,LV,Latossolo Vermelho,Anionic Acrudoxs,Oxisols,Gabbro,0.9280742459396752,34.1,21.07,22.51,25.2,16.5,14.65,0,156995,0,11,0,382,518,3751,66,160047,858,0,0,0,329,0,50,12,110845,0,8,11184,0,346,0,43,150
35,7652281,502327,0-20,LV,Latossolo Vermelho,Anionic Acrudoxs,Oxisols,Gabbro,5.510440835266821,35.74,16.1,21.81,26.66,13.1,13.67,0,163449,0,0,5234,0,339,5910,95,187076,1103,579,0,0,750,896,52,12,146565,0,0,9453,0,462,5,81,98
35,7652281,502327,60-100,LV,Latossolo Vermelho,Anionic Acrudoxs,Oxisols,Gabbro,2.146171693735499,33.52,17.74,20.92,23.93,14.2,12.89,0,161863,0,36,0,526,362,6775,118,202181,932,538,0,0,944,0,68,17,143298,0,0,10443,0,488,19,88,131
36,7652343,502364,60-100,LV,Latossolo Vermelho,Anionic Acrudoxs,Oxisols,Gabbro,0.6960556844547564,39.3,20.13,23.33,28.9,16.68,16.66,0,151531,0,44,0,363,365,5471,83,209150,898,144,0,7,576,0,72,14,106405,0,0,12633,0,624,0,56,164
59,7652613,502948,0-20,LV,Latossolo Vermelho,Anionic Acrudoxs,Oxisols,Gabbro,4.408352668213457,34.09,17.51,20.31,25.93,12.34,11.48,0,139584,2,0,716,901,468,1536,44,164440,962,487,0,6,102,279,36,10,134047,0,0,13910,0,214,0,32,205
59,7652613,502948,60-100,LV,Latossolo Vermelho,Anionic Acrudoxs,Oxisols,Gabbro,1.9721577726218098,21.91,14.5,13.71,23.86,13.59,11.48,0,165894,0,13,0,825,319,1661,43,176849,841,570,0,13,117,0,54,8,131830,0,8,15017,0,222,0,35,230
70,7652436,503105,0-20,LV,Latossolo Vermelho,Anionic Acrudoxs,Oxisols,Gabbro,2.2041763341067284,31.86,17.46,18.66,26.7,12.95,12.65,0,164391,3,27,2543,0,469,1324,40,174670,1134,506,0,7,57,254,48,9,119532,0,7,15514,0,359,0,33,255
116,7652324,503763,60-100,LV,Latossolo Vermelho,Anionic Acrudoxs,Oxisols,Gabbro,0.9280742459396752,60.64,20.82,32.69,43.48,23.74,29.92,0,169147,6,25,0,369,259,2956,64,176894,789,147,0,14,205,0,47,7,144071,0,10,14005,0,343,0,44,262
115,7652971,503731,0-20,LV,Latossolo Vermelho,Anionic Acrudoxs,Oxisols,Gabbro,3.7703016241299303,47.74,14.13,22.41,30.02,11.62,14.61,6,161222,0,0,4185,796,445,392,50,88429,4121,2153,0,10,192,563,16,21,305203,6,5,9715,0,47,70,123,220
115,7652971,503731,60-100,LV,Latossolo Vermelho,Anionic Acrudoxs,Oxisols,Gabbro,0.5220417633410673,49.9,18.16,26.3,36.24,19.73,22.36,0,200687,0,0,1278,1613,576,577,64,102830,3356,777,0,8,239,0,9,16,313815,0,7,8700,13,75,60,111,197
18,7652230,501866,0-20,LV,Latossolo Vermelho,Anionic Acrudoxs,Oxisols,Gneiss,2.2041763341067284,47.41,18.07,25.53,32.93,15.51,17.93,0,185878,0,0,4023,465,519,170,45,93573,2489,645,0,0,20,240,31,6,253809,6,12,13252,0,196,0,43,263
18,7652230,501866,60-100,LV,Latossolo Vermelho,Anionic Acrudoxs,Oxisols,Gneiss,0.8120649651972157,48.72,20.86,27.21,33.14,18.85,19,6,224716,0,0,1385,1367,448,418,35,86161,1856,487,0,8,54,0,15,6,243983,0,17,12331,0,151,0,27,274
106,7653157,503544,0-20,LV,Latossolo Vermelho,Anionic Acrudoxs,Oxisols,Gabbro,5.162412993039443,34.93,14.16,18.66,26.73,12.92,13.8,0,144220,3,0,8271,0,244,839,56,121936,3606,859,0,5,119,1314,25,17,245465,19,0,13434,0,243,15,62,210
95,7653342,503358,0-20,LV,Latossolo Vermelho,Anionic Acrudoxs,Oxisols,Gabbro,4.408352668213457,42.37,12.85,19.59,29.38,12.1,15.27,0,129926,0,0,6405,335,518,1717,39,99411,4621,1436,0,0,472,1443,32,21,294518,19,0,9134,0,70,20,64,200
95,7653342,503358,60-100,LV,Latossolo Vermelho,Anionic Acrudoxs,Oxisols,Gabbro,0.9280742459396752,42.4,14.73,21.5,28.91,14.64,17.05,0,149006,2,0,1581,1660,510,1796,46,108687,5092,1397,4,6,657,201,30,27,268809,3,0,9164,0,38,17,51,260
88,7651859,503358,0-20,LV,Latossolo Vermelho,Anionic Acrudoxs,Oxisols,Gneiss,2.668213457076566,50.29,13.93,21.93,36.57,12.86,18.22,0,159320,3,0,1998,767,595,48,23,58048,2877,997,4,4,20,523,8,15,307887,12,8,10277,0,0,3,36,234
88,7651859,503358,60-100,LV,Latossolo Vermelho,Anionic Acrudoxs,Oxisols,Gneiss,0.8120649651972157,50.32,18.26,23.1,36.87,20.42,20.93,0,187946,0,0,780,1418,667,93,29,77108,3679,889,0,11,30,0,20,29,307477,11,5,13713,0,55,12,41,266
61,7651674,502985,60-100,LV,Latossolo Vermelho,Anionic Acrudoxs,Oxisols,Gneiss,1.1020881670533642,42.6,17.28,24.2,29.5,16.02,17.92,0,219412,2,0,891,1619,708,306,26,77453,2177,233,0,5,21,0,7,5,242888,2,12,10411,22,63,0,22,218
66,7651268,502986,60-100,LV,Latossolo Vermelho,Anionic Acrudoxs,Oxisols,Gabbro,1.3921113689095128,38.15,17.13,22.9,27.28,14.2,15.53,0,226274,7,16,3959,0,531,322,26,72356,917,266,0,8,46,0,10,4,198850,13,18,11233,17,286,0,19,260
64,7652786,502985,0-20,LV,Latossolo Vermelho,Anionic Acrudoxs,Oxisols,Gabbro,2.668213457076566,35.63,19.54,23.11,26.65,15.31,15.3,0,147601,0,11,6397,0,299,926,94,170969,916,902,0,25,106,2313,52,4,122799,42,0,13156,0,400,0,82,186
64,7652786,502985,60-100,LV,Latossolo Vermelho,Anionic Acrudoxs,Oxisols,Gabbro,0.580046403712297,36.63,21.91,24.78,26.24,17.27,14.79,0,161581,0,24,386,396,600,1152,92,180549,893,894,0,0,115,0,70,13,118211,0,0,13251,0,419,0,69,179
99,7653487.46183,503422.418111,60-100,NV,Nitossolo Vermelho,Rhodic Kandiudults,Ultisols,Gabbro,0.9280742459396752,42.75,17.25,25.06,27.92,14.54,15.9,0,163811,0,8,1340,352,648,1210,37,79784,4298,966,0,13,198,1302,7,16,283433,3,14,10731,16,95,10,44,252
99,7653487.46183,503422.418111,20-60,NV,Nitossolo Vermelho,Rhodic Kandiudults,Ultisols,Gabbro,0.9280742459396752,40.89,16.86,24.13,27.67,13.76,14.6,5,132251,3,0,1283,526,798,1135,31,77248,3597,914,0,14,170,680,21,16,222198,7,0,9968,0,40,12,40,258
99,7653487.46183,503422.418111,0-20,NV,Nitossolo Vermelho,Rhodic Kandiudults,Ultisols,Gabbro,1.2180974477958237,39.88,17.79,24.09,29.32,15.1,15.84,0,162103,3,0,1174,1215,638,1542,38,94266,3334,713,0,18,195,517,19,15,254603,3,6,10905,0,71,11,41,242
98,7653489,503417,0-20,NV,Nitossolo Vermelho,Rhodic Kandiudults,Ultisols,Gabbro,1.2180974477958237,51.42,17.32,25.72,33.28,18.02,19.9,0,144243,2,0,906,1186,378,1641,35,95962,3312,825,0,13,203,270,11,16,239224,0,6,11439,0,107,7,41,240
32,7652230,502239,0-20,NV,Nitossolo Vermelho,Rhodic Kandiudults,Ultisols,Gneiss,2.668213457076566,52.34,12.95,24.13,34.02,13.05,18.18,0,245797,0,0,2388,711,514,541,26,51366,3989,277,0,0,70,279,0,9,338565,5,10,5178,0,71,0,27,142
32,7652230,502239,60-100,NV,Nitossolo Vermelho,Rhodic Kandiudults,Ultisols,Gneiss,0.580046403712297,59.07,18.99,30.03,34.5,19.16,22.26,0,239786,0,0,302,884,508,495,27,48663,3742,57,0,0,78,226,7,0,303677,0,17,4458,17,21,3,27,130
93,7652972,503358,0-20,NV,Nitossolo Vermelho,Rhodic Kandiudults,Ultisols,Gneiss,3.88631090487239,45.07,16.03,22.28,30.53,14.73,15.47,0,157619,2,0,4667,753,569,146,45,85234,3204,1273,0,9,65,545,16,12,284269,18,0,12375,0,63,3,39,251
93,7652972,503358,60-100,NV,Nitossolo Vermelho,Rhodic Kandiudults,Ultisols,Gneiss,1.2180974477958237,47.17,18.02,23.05,27.76,17.06,17.12,0,206853,0,0,256,1378,700,204,37,81726,3380,764,0,13,70,306,24,10,307838,2,7,10000,0,47,4,39,273
86,7653049,503306,60-100,NV,Nitossolo Vermelho,Rhodic Kandiudults,Ultisols,Gneiss,0.5220417633410673,44.25,10.14,18.07,34.83,10.47,16.34,0,193665,0,0,308,1802,607,193,46,96551,2627,326,0,0,35,0,19,6,230137,0,12,9309,0,31,0,22,271
51,7652045,502798,0-20,NV,Nitossolo Vermelho,Rhodic Kandiudults,Ultisols,Gabbro,4.234338747099768,41.17,16.84,23.46,29.68,14.43,16.58,0,149803,0,0,1763,0,353,1317,140,158626,975,1526,0,11,250,491,41,7,187942,0,0,16230,0,372,11,94,180
51,7652045,502798,60-100,NV,Nitossolo Vermelho,Rhodic Kandiudults,Ultisols,Gabbro,0.5220417633410673,45.95,21.02,27.87,32.71,19.99,20.05,0,185806,0,0,346,2077,400,1238,141,167627,1730,894,0,4,276,293,45,12,200871,0,0,12949,0,223,22,86,187
97,7653093,503373,60-100,NV,Nitossolo Vermelho,Rhodic Kandiudults,Ultisols,Gabbro,0.6960556844547564,55.3,14.35,26.02,36.77,15.9,22.72,0,109441,0,47,457,1495,413,3772,83,212046,1783,1663,0,0,2276,0,76,25,163860,0,0,10043,0,39,0,59,166
42,7651888,502581,60-100,PA,Argissolo Amarelo,Inceptic Hapludults,Ultisols,Gneiss,0.2320185614849188,55.66,12.97,29.41,39.23,14.56,26.09,6,236895,2,0,699,1632,1107,284,38,62208,1574,153,0,0,23,870,0,2,237857,3,22,8119,26,113,0,31,181
42,7651888,502581,20-60,PA,Argissolo Amarelo,Inceptic Hapludults,Ultisols,Gneiss,0.2900232018561485,53.16,13.68,28.4,35.02,12.84,22.92,0,229905,2,8,299,1031,733,235,38,63313,1560,204,0,3,29,310,6,5,239301,2,19,7475,19,132,0,32,192
42,7651888,502581,20-60,PA,Argissolo Amarelo,Inceptic Hapludults,Ultisols,Gneiss,0.6380510440835268,55.66,13.07,26.95,37.85,13.49,22.5,8,182194,0,0,372,1094,744,149,35,59593,1987,684,0,4,21,0,0,3,283184,0,6,11127,0,55,0,36,291
117,7653135,503904,0-20,PA,Argissolo Amarelo,Inceptic Hapludults,Ultisols,Gneiss,3.6542923433874708,47.75,5.38,14.04,28.41,6.91,11.77,0,133363,0,0,8225,0,894,0,10,19048,34101,563,0,0,3,910,20,138,404403,35,0,3321,0,0,18,39,148
117,7653135,503904,60-100,PA,Argissolo Amarelo,Inceptic Hapludults,Ultisols,Gneiss,0.2900232018561485,52.52,8.91,19.91,37.31,11.92,20.38,29,160937,0,23,1819,0,793,0,12,26623,32791,356,0,5,9,0,45,221,346697,28,11,3538,14,0,44,45,215
42,7651888,502581,0-20,PA,Argissolo Amarelo,Inceptic Hapludults,Ultisols,Gneiss,3.6542923433874708,49.56,11.29,20.96,32.88,11.6,15.35,0,202822,1,0,6401,0,575,116,34,62814,2283,1112,0,0,19,508,6,8,301549,19,16,10500,17,162,3,38,268
42,7651888,502581,60-100,PA,Argissolo Amarelo,Inceptic Hapludults,Ultisols,Gneiss,0.4640371229698376,66.26,13.17,33.41,45.26,14.58,29.61,0,265832,2,0,531,1430,476,169,38,54607,1454,126,0,7,22,226,7,0,262079,2,23,8031,0,174,0,27,182
49,7651489,502798,60-100,PA,Argissolo Amarelo,Inceptic Hapludults,Ultisols,Gneiss,0.5220417633410673,62.46,13.43,28.86,39.06,14.95,24.98,0,248444,0,0,657,1479,528,155,11,41937,3060,71,3,0,13,515,6,8,303005,9,17,5803,17,0,0,32,223
28,7652328.46175,502136.418013,60-100,PV,Argissolo Vermelho,Typic Rhodudults,Ultisols,Gneiss,1.0440835266821347,58.37,21.24,29.72,40.11,22.51,23.85,11,215172,0,0,0,759,586,364,19,40788,4637,0,0,3,71,0,6,8,278203,0,15,3498,18,0,0,28,140
28,7652328.46175,502136.418013,60-100,PV,Argissolo Vermelho,Typic Rhodudults,Ultisols,Gneiss,0.1160092807424594,53.78,21.68,29.95,36.97,21.71,21.72,0,235796,4,0,0,1213,802,549,18,48470,4468,34,0,0,80,0,7,9,298645,0,19,4201,29,19,0,26,138
28,7652328.46175,502136.418013,20-60,PV,Argissolo Vermelho,Typic Rhodudults,Ultisols,Gneiss,0.6960556844547564,52.53,20.6,28.91,31.99,18.43,19.79,0,215856,1,0,105,837,738,591,21,52557,3829,99,0,0,83,223,10,9,267739,0,19,4424,0,0,0,29,158
28,7652328.46175,502136.418013,20-60,PV,Argissolo Vermelho,Typic Rhodudults,Ultisols,Gneiss,0.8120649651972157,54.89,19.99,28.65,39.01,19.95,22.07,0,199670,0,0,67,715,738,611,21,53552,3579,83,0,0,88,0,0,9,267419,0,17,4333,15,0,0,28,169
28,7652328.46175,502136.418013,0-20,PV,Argissolo Vermelho,Typic Rhodudults,Ultisols,Gneiss,1.1020881670533642,54.84,15.93,26.05,36.52,15.31,19.17,7,169801,1,0,205,373,699,654,21,54244,3881,160,0,0,83,0,7,11,293069,0,10,3831,0,23,0,33,172
57,7652202.46174,502904.418068,60-100,PV,Argissolo Vermelho,Typic Rhodudults,Ultisols,Gabbro,0.6380510440835268,39.33,20.73,24.4,28.2,17.34,15.66,0,177765,0,33,1064,0,127,4397,183,239446,802,934,0,0,390,0,83,22,170850,0,0,13922,0,463,0,80,180
57,7652202.46174,502904.418068,20-60,PV,Argissolo Vermelho,Typic Rhodudults,Ultisols,Gabbro,0.7540603248259861,35.17,18.99,22.54,24.44,15.47,14.07,0,168761,0,49,1605,467,104,4155,174,230501,769,780,0,0,368,0,79,18,168020,0,0,13363,0,418,0,75,158
56,7652204,502899,0-20,PV,Argissolo Vermelho,Typic Rhodudults,Ultisols,Gabbro,1.3921113689095128,49.69,16.49,24.8,32.92,16.3,19.67,0,120243,0,0,3081,538,358,1604,66,139311,5162,668,0,0,127,553,36,26,191135,3,0,9808,0,152,0,50,152
27,7652330,502131,0-20,PV,Argissolo Vermelho,Typic Rhodudults,Ultisols,Gneiss,1.1020881670533642,41.92,18.17,24,33.96,19.07,21.95,0,162061,2,0,162,1188,766,587,16,50545,4018,172,0,4,81,0,0,9,268803,0,12,4546,0,0,0,34,157
82,7653187,503203,0-20,PVA,Argissolo Vermelho-Amarelo,Typic Hapludults,Ultisols,Gneiss,1.1020881670533642,57.72,5.27,12.86,41.43,5.89,12.04,0,173178,0,0,1068,373,534,84,22,43895,4086,395,0,11,23,421,7,10,302438,10,0,8379,0,0,0,25,280
85,7653454,503227,0-20,PVA,Argissolo Vermelho-Amarelo,Typic Hapludults,Ultisols,Gneiss,1.740139211136891,45.44,9.84,17.61,37.27,10.52,16.7,7,173731,0,0,3902,0,547,54,18,35373,4191,690,0,11,37,523,30,12,332380,29,0,6441,0,0,7,31,292
21,7652512,501983,0-20,PVA,Argissolo Vermelho-Amarelo,Typic Hapludults,Ultisols,Gneiss,2.668213457076566,59.48,16.29,28.13,39.16,18.44,25.31,0,150037,0,0,7103,0,489,178,22,37575,1840,221,0,0,42,241,9,5,253084,15,11,4368,0,0,0,26,170
34,7652088,502248,0-20,PVA,Argissolo Vermelho-Amarelo,Typic Hapludults,Ultisols,Gneiss,0.8120649651972157,41.6,17.88,23.62,29.31,16.97,18.44,0,183266,0,0,1649,0,859,110,18,40848,4270,208,0,0,33,0,15,12,316167,9,5,7179,0,49,0,30,179
22,7652409,502015,0-20,PVA,Argissolo Vermelho-Amarelo,Typic Hapludults,Ultisols,Gneiss,5.626450116009281,43.01,6.7,14.04,26.44,7.08,9.88,0,143754,0,0,14023,0,409,241,22,37024,2082,1106,0,3,27,960,0,4,352103,32,0,9035,0,18,0,31,181
22,7652409,502015,60-100,PVA,Argissolo Vermelho-Amarelo,Typic Hapludults,Ultisols,Gneiss,0.5220417633410673,53.42,13.45,22.58,38.09,15.71,21.47,0,189991,2,0,215,1222,513,290,20,47479,2337,787,0,6,57,0,0,10,327233,0,17,8110,0,0,9,37,243
21,7652512,501983,60-100,PVA,Argissolo Vermelho-Amarelo,Typic Hapludults,Ultisols,Gneiss,0.5220417633410673,38.26,15.85,22.62,22.18,11.86,12.6,0,250578,0,0,0,1616,609,302,25,50954,2157,96,0,0,53,0,17,6,281058,2,18,4692,0,0,0,21,149
34,7652088,502248,60-100,PVA,Argissolo Vermelho-Amarelo,Typic Hapludults,Ultisols,Gneiss,0.4640371229698376,53,12.04,20.62,35.53,12.89,17.95,0,176913,0,0,318,1352,436,134,22,51656,2958,97,0,0,42,0,0,8,229571,0,6,6407,0,0,0,31,151
74,7651489,503171,60-100,PVA,Argissolo Vermelho-Amarelo,Typic Hapludults,Ultisols,Gneiss,1.7981438515081207,50.01,13.51,21.86,33.61,13.48,17.91,0,219170,0,0,133,1260,530,245,24,52170,3368,231,0,0,25,0,0,7,297675,2,10,7350,0,23,0,20,198
110,7653410,503721,0-20,PVA,Argissolo Vermelho-Amarelo,Typic Hapludults,Ultisols,Gneiss,5.80046403712297,47.34,10.72,19.5,29.8,10.23,14.66,0,147227,0,0,14443,0,629,85,33,69720,4074,1014,0,4,15,246,8,21,265130,37,5,10355,16,77,0,33,216
126,7652971,504104,0-20,PVA,Argissolo Vermelho-Amarelo,Typic Hapludults,Ultisols,Gneiss,4.930394431554524,42.79,9.87,17.48,25.38,9.75,12.18,0,177958,0,0,11680,0,518,89,28,58730,2946,600,0,8,20,909,24,14,307206,23,4,7361,0,21,11,29,184
126,7652971,504104,60-100,PVA,Argissolo Vermelho-Amarelo,Typic Hapludults,Ultisols,Gneiss,0.580046403712297,49.62,15.34,24.2,33.91,17.63,21.55,8,217220,0,0,158,1466,808,99,24,63641,3084,277,0,17,23,228,10,15,268920,2,11,6553,0,0,8,27,239
122,7653365,503941,0-20,PVA,Argissolo Vermelho-Amarelo,Typic Hapludults,Ultisols,Gneiss,3.248259860788863,42.89,9.76,17.44,31.26,9.37,13.73,0,167704,3,0,5714,0,540,74,13,49159,1483,517,3,15,0,0,7,2,298857,13,5,8756,0,0,0,20,307
122,7653365,503941,60-100,PVA,Argissolo Vermelho-Amarelo,Typic Hapludults,Ultisols,Gneiss,1.2180974477958237,38.72,10.38,17.21,28.16,10.63,15.06,0,200204,8,0,137,1528,704,155,16,60877,1541,304,0,19,18,0,0,3,279935,4,13,9022,0,0,0,19,353
17,7652045,501866,0-20,PVA,Argissolo Vermelho-Amarelo,Typic Hapludults,Ultisols,Gneiss,3.1322505800464038,54.12,10.22,20.38,34.96,9.68,14.66,0,191986,0,0,3068,0,690,56,17,30260,3859,367,0,0,15,224,15,8,337586,12,10,5009,0,0,0,75,212
17,7652045,501866,60-100,PVA,Argissolo Vermelho-Amarelo,Typic Hapludults,Ultisols,Gneiss,0.6960556844547564,66.6,15.61,25.38,46.88,17.98,24.03,0,224859,1,0,605,1040,553,65,11,30062,4924,100,0,0,15,254,0,11,336314,0,16,4540,0,0,0,43,212
125,7652786,504104,0-20,PVA,Argissolo Vermelho-Amarelo,Typic Hapludults,Ultisols,Gneiss,2.8422273781902554,48.04,11.29,21.24,33.43,11.9,17.78,0,163056,0,0,3544,1315,788,0,25,59497,2167,366,0,15,0,1402,0,0,266481,17,10,9074,0,0,0,44,218
125,7652786,504104,60-100,PVA,Argissolo Vermelho-Amarelo,Typic Hapludults,Ultisols,Gneiss,0.6960556844547564,48.14,14.84,23.56,35.44,17.47,22.55,0,177051,0,9,260,1671,817,0,18,65788,1489,233,0,16,0,281,28,2,233012,8,19,8776,20,0,0,22,240
38,7651860,502426,0-20,PVA,Argissolo Vermelho-Amarelo,Typic Hapludults,Ultisols,Gneiss,2.8422273781902554,46.53,7.22,15.76,29.45,7.01,12,0,191226,2,0,6650,0,586,40,22,55546,2446,927,0,3,10,1350,12,9,312957,21,5,8317,16,85,0,53,231
38,7651860,502426,60-100,PVA,Argissolo Vermelho-Amarelo,Typic Hapludults,Ultisols,Gneiss,0.580046403712297,52.14,20.28,29.44,36.68,20.33,23.77,0,265376,0,0,281,1658,499,163,26,74061,1799,312,0,0,12,0,7,0,259284,2,24,7787,16,28,0,25,205
12,7652419,501662,0-20,PVA,Argissolo Vermelho-Amarelo,Typic Hapludults,Ultisols,Gabbro,1.9721577726218098,53.32,16.62,26.62,36.2,16.28,20.21,0,190026,0,0,3944,0,411,299,45,88738,3869,913,0,0,79,1009,0,14,299826,12,13,12296,0,151,0,41,212
12,7652419,501662,60-100,PVA,Argissolo Vermelho-Amarelo,Typic Hapludults,Ultisols,Gabbro,0.580046403712297,41.7,18.31,25.48,31.27,19.84,22.06,0,174295,0,0,576,1569,445,428,48,106475,2251,432,0,0,132,0,0,9,218274,0,15,10920,0,0,5,35,150
25,7652308,502070,60-100,PVA,Argissolo Vermelho-Amarelo,Typic Hapludults,Ultisols,Gneiss,0.40603248259860786,56.52,17.49,31.11,40,18.59,24.97,0,258773,1,0,0,1890,389,712,26,86883,1746,135,0,0,60,0,0,3,230427,0,16,7152,0,0,0,19,164
128,7652459,504114,0-20,PVA,Argissolo Vermelho-Amarelo,Typic Hapludults,Ultisols,Gneiss,3.5962877030162415,39.8,12.18,19.85,25.97,9.5,12.07,0,187601,0,0,2190,748,502,772,28,96168,1538,472,0,18,31,466,9,2,220437,12,10,11643,0,56,0,27,275
128,7652459,504114,60-100,PVA,Argissolo Vermelho-Amarelo,Typic Hapludults,Ultisols,Gneiss,1.9721577726218098,33.58,11.35,17.37,22.08,8.75,9.41,0,160653,0,0,340,1069,640,721,19,96997,1072,319,0,16,30,0,7,3,153241,2,22,11287,45,33,0,20,291
119,7652601,503917,0-20,PVA,Argissolo Vermelho-Amarelo,Typic Hapludults,Ultisols,Gneiss,2.8422273781902554,39.09,12.99,21.8,26.25,10.84,13.64,0,194188,5,9,6543,0,497,165,31,84259,1064,277,0,23,7,1648,0,0,160969,18,20,11921,0,188,0,28,273
119,7652601,503917,60-100,PVA,Argissolo Vermelho-Amarelo,Typic Hapludults,Ultisols,Gneiss,0.9280742459396752,42.2,16.38,23.92,24.83,12.56,14.09,7,218327,7,10,0,958,542,234,16,88770,839,252,4,20,14,0,0,0,148109,0,25,12727,0,35,0,14,287
19,7652416,501866,0-20,PVA,Argissolo Vermelho-Amarelo,Typic Hapludults,Ultisols,Gabbro,4.234338747099768,32.45,10.11,14.46,30.52,11.34,14.42,0,161930,0,0,15008,0,515,107,67,70374,3463,801,0,0,13,2671,8,16,273841,37,0,7487,0,131,0,79,170
60,7651489,502985,60-100,PVA,Argissolo Vermelho-Amarelo,Typic Hapludults,Ultisols,Gneiss,0.4640371229698376,53.73,19.41,28.99,39.03,20.98,25.74,0,221098,2,0,616,1557,529,280,25,65006,2420,139,0,3,39,0,0,6,272632,0,19,7078,0,29,3,29,171
80,7653528,503172,0-20,PVA,Argissolo Vermelho-Amarelo,Typic Hapludults,Ultisols,Gneiss,3.6542923433874708,50.33,9.49,18.46,30.42,9.33,14.09,0,179512,0,0,5645,0,586,135,16,34575,5553,859,0,6,40,1046,53,20,376498,31,0,6200,0,0,11,28,259
80,7653528,503172,60-100,PVA,Argissolo Vermelho-Amarelo,Typic Hapludults,Ultisols,Gneiss,0.2900232018561485,58.08,18.32,29.87,37.37,20.31,26.1,0,244996,1,8,489,1508,844,128,12,44706,3914,112,0,3,37,222,29,15,283643,25,22,4301,24,0,14,25,188
82,7653187,503203,60-100,PVA,Argissolo Vermelho-Amarelo,Typic Hapludults,Ultisols,Gneiss,0.4640371229698376,61.75,21.43,21.53,46.62,22.89,20.48,0,208995,3,0,520,1605,659,172,19,60191,3360,136,0,9,23,209,0,7,240534,13,14,5583,16,0,0,17,215
107,7653349,503555,0-20,PVA,Argissolo Vermelho-Amarelo,Typic Hapludults,Ultisols,Gabbro,3.480278422273782,48,12.96,21.2,31.67,11.29,15.59,0,152867,0,0,4178,724,470,267,44,63940,4510,1286,0,14,64,1235,32,23,311293,11,0,9854,0,19,8,43,230
107,7653349,503555,60-100,PVA,Argissolo Vermelho-Amarelo,Typic Hapludults,Ultisols,Gabbro,0.6380510440835268,44.97,16.47,24.72,29.55,16.92,19.27,0,159413,0,0,850,1641,658,256,51,77223,2697,538,0,8,65,239,27,16,229830,0,0,7103,0,0,12,34,193
92,7652786,503358,60-100,PVA,Argissolo Vermelho-Amarelo,Typic Hapludults,Ultisols,Gabbro,0.9280742459396752,51.13,20.83,30.78,38.42,21.86,25.98,6,147598,0,0,1689,1594,348,170,66,115242,1431,619,0,17,43,522,34,4,204360,3,6,12165,0,41,16,56,222
108,7652889,503589,0-20,PVA,Argissolo Vermelho-Amarelo,Typic Hapludults,Ultisols,Gabbro,6.496519721577726,45.71,12.18,20.46,30.39,11.11,14.45,0,103111,0,0,6674,0,814,783,31,65436,5559,927,0,4,241,878,8,19,324948,27,0,7702,0,24,8,36,260
108,7652889,503589,60-100,PVA,Argissolo Vermelho-Amarelo,Typic Hapludults,Ultisols,Gabbro,1.1020881670533642,35.46,17.56,22.48,25,12.72,12.6,0,174989,0,10,737,0,556,3996,68,164963,1082,410,0,5,354,233,38,8,150650,0,0,12528,0,368,0,52,165
85,7653454,503227,60-100,PVA,Argissolo Vermelho-Amarelo,Typic Hapludults,Ultisols,Gneiss,0.2320185614849188,59.08,16.86,30.04,41.78,19.21,27.37,0,200086,3,7,864,1772,946,214,16,58918,3092,183,0,5,67,426,26,10,235214,20,17,5517,0,0,7,29,195
120,7652974,503922,0-20,PV,Argissolo Vermelho,Typic Rhodudults,Ultisols,Gneiss,3.7703016241299303,41.41,8.61,16.71,30.25,8.25,12.61,0,120972,0,0,4803,0,550,0,21,42260,13305,1158,0,15,5,546,20,64,361504,21,0,9974,0,23,21,57,284
120,7652974,503922,60-100,PV,Argissolo Vermelho,Typic Rhodudults,Ultisols,Gneiss,0.2900232018561485,72.02,15.01,19.68,49.56,22.07,22.34,0,293321,0,0,58,764,741,97,13,26586,2258,0,0,3,5,0,0,0,373362,2,18,2792,0,0,0,14,152
24,7652230,502053,0-20,PV,Argissolo Vermelho,Typic Rhodudults,Ultisols,Gneiss,4.234338747099768,44.5,18.88,27.12,28.88,15.32,16.76,0,243738,1,0,2395,387,377,472,21,73505,1563,305,0,4,36,484,0,0,213150,9,21,10004,0,108,0,22,218
24,7652230,502053,60-100,PV,Argissolo Vermelho,Typic Rhodudults,Ultisols,Gneiss,0.1160092807424594,50.02,22.39,28.48,29.25,17.91,19.66,0,232188,4,0,0,1779,506,606,41,72937,1363,239,0,4,86,0,0,0,234532,0,13,9182,0,22,0,26,229
27,7652330,502131,60-100,PV,Argissolo Vermelho,Typic Rhodudults,Ultisols,Gneiss,1.0440835266821347,36.31,21.85,23.64,28.33,17.78,17.14,0,217185,3,0,0,1259,585,422,18,42698,5181,0,0,0,77,0,9,8,288494,0,16,4352,0,0,0,28,142
26,7652536,502074,60-100,PV,Argissolo Vermelho,Typic Rhodudults,Ultisols,Gabbro,1.0440835266821347,40.77,16.38,23.98,26.69,13.24,15.3,0,181174,2,0,0,975,205,3270,77,173015,991,313,0,0,352,0,49,6,167990,0,0,11374,0,303,0,37,194
77,7652230,503171,0-20,PV,Argissolo Vermelho,Typic Rhodudults,Ultisols,Gabbro,5.626450116009281,38.69,15.35,23.45,27.35,10.66,13.88,0,183687,0,0,5438,0,299,1955,48,166937,1277,635,0,5,113,0,40,9,124462,0,0,16650,0,346,0,118,190
77,7652230,503171,60-100,PV,Argissolo Vermelho,Typic Rhodudults,Ultisols,Gabbro,2.494199535962877,27.69,16.25,18.66,25.13,14.73,13.59,0,177509,0,12,0,386,91,2283,50,171191,885,346,0,12,134,0,49,8,118562,0,0,16280,0,361,0,35,217
13,7652045,501680,0-20,PV,Argissolo Vermelho,Typic Rhodudults,Ultisols,Gabbro,4.930394431554524,41.19,9.29,18.07,28.14,7.87,12.5,0,164013,0,0,9162,0,541,120,62,84390,3577,1013,0,3,35,1029,19,14,284839,25,0,8327,0,166,13,82,178
13,7652045,501680,60-100,PV,Argissolo Vermelho,Typic Rhodudults,Ultisols,Gabbro,0.7540603248259861,43.67,19.82,28.08,32.59,18.7,21.45,0,166234,0,0,346,1800,770,171,108,142450,1812,946,0,4,50,905,41,12,221903,0,0,14223,16,275,28,74,252
105,7652972,503544,0-20,PV,Argissolo Vermelho,Typic Rhodudults,Ultisols,Gabbro,2.668213457076566,48.71,17.72,25.27,33.69,15.56,18.06,6,153601,2,0,3837,1141,380,334,48,72832,3552,1016,0,14,150,566,20,15,302468,25,0,9692,0,20,18,52,299
105,7652972,503544,60-100,PV,Argissolo Vermelho,Typic Rhodudults,Ultisols,Gabbro,0.6960556844547564,49.78,22.95,29.38,34.42,22.45,22.99,0,199521,0,0,1323,1900,881,416,51,91345,2728,420,0,9,173,498,26,9,257310,11,15,7327,0,0,6,39,217
56,7652204,502899,60-100,PV,Argissolo Vermelho,Typic Rhodudults,Ultisols,Gabbro,0.5220417633410673,38.82,18.07,23.12,27.29,15.18,15.6,0,131697,0,19,793,0,412,3611,155,209806,825,835,0,0,402,0,83,20,145368,0,0,13100,0,418,0,73,149
